<?xml version="1.0" encoding="UTF-8"?>
<map>
   <appContext helpID="c_ueberblick_setup"
               path="ediarum_uebergreifend/concepts/c_ueberblick_setup.html"/>
   <appContext helpID="c_ueberblick_setup"
               path="ediarum_uebergreifend/concepts/c_ueberblick_dok.html"/>
   <appContext helpID="ediarum"
               path="ediarum_uebergreifend/concepts/c_ueberblick_architektur.html"/>
   <appContext helpID="c_exist_einrichtung" path="existDB/concepts/c_exist_einrichtung.html"/>
   <appContext helpID="t_ediarumdb_installieren"
               path="existDB/tasks/t_ediarumdb_installieren.html"/>
   <appContext helpID="exist_projekt_anlegen" path="existDB/tasks/t_projekt_anlegen.html"/>
   <appContext helpID="task_grk_ypc_yfb"
               path="existDB/tasks/t_ediarum_register_aktivieren.html"/>
   <appContext helpID="task_plw_hqc_yfb" path="existDB/tasks/t_benutzer_anlegen.html"/>
   <appContext helpID="c_oxygen_einrichtung" path="oxygen/concepts/c_oxygen_einrichtung.html"/>
   <appContext helpID="oxygen_mit_exist_verbinden"
               path="oxygen/tasks/t_mit_exist_verbinden.html"/>
   <appContext helpID="t_speicherort_ediarumbase_festlegen"
               path="oxygen/tasks/t_speicherort_ediarumbase_festlegen.html"/>
   <appContext helpID="t_projekt_anlegen" path="oxygen/tasks/t_projekt_anlegen.html"/>
   <appContext helpID="c_ueberblick_konfig"
               path="ediarum_uebergreifend/concepts/c_ueberblick_konfig.html"/>
   <appContext helpID="oxygen_framework_kaskade" path="oxygen/concepts/c_framework.html"/>
   <appContext helpID="task_psj_nwx_tfb" path="existDB/tasks/t_neues_Register_anlegen.html"/>
</map>