<?xml version="1.0" encoding="UTF-8"?><toc xmlns:toc="http://www.oxygenxml.com/ns/webhelp/toc" xmlns="http://www.oxygenxml.com/ns/webhelp/toc" xmlns:xhtml="http://www.w3.org/1999/xhtml"><title><span xmlns="http://www.w3.org/1999/xhtml" class="booktitle">  <span class="ph mainbooktitle">Guía de instalación y configuración de ediarum</span>  </span></title><topic href="ES/topics/setup/configuracion-basica.html" collection-type="sequence" data-id="c_ueberblick_setup" wh-toc-id="c_ueberblick_setup-d61e14"><title>Instalación y configuración básica</title><shortdesc><p xmlns="http://www.w3.org/1999/xhtml" class="shortdesc">La configuración básica de ediarum hace disponible un entorno de trabajo para         ediciones filológicas. Después de una instalación y configuración existosa, los editores y         editoras pueden crear datos XML conforme a TEI con registros, notas etc. en un entorno         visual que es similar al de Word. </p></shortdesc><topicmeta><resourceid class="- topic/resourceid " oxy-source="topic" appid="c_ueberblick_setup"></resourceid><navtitle class="- topic/navtitle ">Instalación y configuración básica</navtitle><?ditaot gentext?><linktext class="- map/linktext ">Instalación y configuración básica</linktext><?ditaot genshortdesc?><shortdesc class="- map/shortdesc ">La configuración básica de ediarum hace disponible un entorno de trabajo para         ediciones filológicas. Después de una instalación y configuración existosa, los editores y         editoras pueden crear datos XML conforme a TEI con registros, notas etc. en un entorno         visual que es similar al de Word. </shortdesc></topicmeta><topic href="ES/topics/sobre-esta-guia.html" data-id="c_ueberblick_setup" wh-toc-id="c_ueberblick_setup-d61e25"><title>Sobre esta guía</title><shortdesc><p xmlns="http://www.w3.org/1999/xhtml" class="shortdesc">La configuración básica primero hace disponible <span class="keyword">ediarum</span> en la         versión estándar, sin ninguna configuración específica de su proyecto editorial y sin que         necesite conocimientos de programación.</p></shortdesc><topicmeta><resourceid class="- topic/resourceid " oxy-source="topic" appid="c_ueberblick_setup"></resourceid><navtitle class="- topic/navtitle ">Sobre esta guía</navtitle><?ditaot gentext?><linktext class="- map/linktext ">Sobre esta guía</linktext><?ditaot genshortdesc?><shortdesc class="- map/shortdesc ">La configuración básica primero hace disponible <keyword class="- topic/keyword ">ediarum</keyword> en la         versión estándar, sin ninguna configuración específica de su proyecto editorial y sin que         necesite conocimientos de programación.</shortdesc></topicmeta></topic><topic href="ES/topics/setup/resumen_de_la_configuracion_basica.html" data-id="ediarum" wh-toc-id="ediarum-d61e39"><title>Resumen de la configuración básica</title><shortdesc><p xmlns="http://www.w3.org/1999/xhtml" class="shortdesc"><span class="keyword">ediarum</span> está disponible en GitHub, en forma de componentes de         configuración para <span class="keyword">Oxygen XML Author</span> (los llamados frameworks) y para la         base de datos XML <span class="keyword">eXist-db</span> (las llamadas aplicaciones).</p></shortdesc><topicmeta><resourceid class="- topic/resourceid " oxy-source="topic" appid="ediarum"></resourceid><navtitle class="- topic/navtitle ">Resumen de la configuración básica</navtitle><?ditaot gentext?><linktext class="- map/linktext ">Resumen de la configuración básica</linktext><?ditaot genshortdesc?><shortdesc class="- map/shortdesc "><keyword class="- topic/keyword ">ediarum</keyword> está disponible en GitHub, en forma de componentes de         configuración para <keyword class="- topic/keyword ">Oxygen XML Author</keyword> (los llamados frameworks) y para la         base de datos XML <keyword class="- topic/keyword ">eXist-db</keyword> (las llamadas aplicaciones).</shortdesc></topicmeta></topic><topic href="ES/topics/setup/tips-oxygen-exist-instalacion.html" data-id="t_exist_installieren" wh-toc-id="t_exist_installieren-d61e58"><title>Tips para la instalación de eXist-db y Oxygen</title><shortdesc><p xmlns="http://www.w3.org/1999/xhtml" class="shortdesc">Las guías de instalación para eXist-db y Oxygen se encuentran en sus sitios web         correspondientes. Los consejos adicionales que se han recopilado aquí se basan en la         experiencia de los desarrolladores y desarrolladoras de ediarum y pueden ser útiles para los         problemas típicos de instalación.</p></shortdesc><topicmeta><resourceid class="- topic/resourceid " oxy-source="topic" appid="t_exist_installieren"></resourceid><navtitle class="- topic/navtitle ">Tips para la instalación de eXist-db y Oxygen</navtitle><?ditaot gentext?><linktext class="- map/linktext ">Tips para la instalación de eXist-db y Oxygen</linktext><?ditaot genshortdesc?><shortdesc class="- map/shortdesc ">Las guías de instalación para eXist-db y Oxygen se encuentran en sus sitios web         correspondientes. Los consejos adicionales que se han recopilado aquí se basan en la         experiencia de los desarrolladores y desarrolladoras de ediarum y pueden ser útiles para los         problemas típicos de instalación.</shortdesc></topicmeta></topic><topic href="ES/topics/setup/db_configuracion.html" collection-type="sequence" data-id="c_exist_einrichtung" wh-toc-id="c_exist_einrichtung-d61e69"><title>Instalar y configurar la base de datos</title><shortdesc><p xmlns="http://www.w3.org/1999/xhtml" class="shortdesc">Instala la aplicación eXist <span class="keyword">ediarum.DB</span>. Usando esta aplicación,         crea su propio proyecto en su base de datos que contiene todos las configuraciones         necesarias para la interacción entre la base de datos y Oxygen XML Author. </p></shortdesc><topicmeta><resourceid class="- topic/resourceid " oxy-source="topic" appid="c_exist_einrichtung"></resourceid><navtitle class="- topic/navtitle ">Instalar y configurar la base de datos</navtitle><?ditaot gentext?><linktext class="- map/linktext ">Instalar y configurar la base de datos</linktext><?ditaot genshortdesc?><shortdesc class="- map/shortdesc ">Instala la aplicación eXist <keyword class="- topic/keyword ">ediarum.DB</keyword>. Usando esta aplicación,         crea su propio proyecto en su base de datos que contiene todos las configuraciones         necesarias para la interacción entre la base de datos y Oxygen XML Author. </shortdesc></topicmeta><topic href="ES/topics/setup/db_instalar-aplicacion.html" data-id="t_ediarumdb_installieren" wh-toc-id="t_ediarumdb_installieren-d61e83"><title>Instalar la aplicación ediarum.DB</title><shortdesc><p xmlns="http://www.w3.org/1999/xhtml" class="shortdesc">Desde el dashboard de <span class="keyword">eXist-db</span> instala la aplicación             <span class="keyword">ediarum.DB</span> usando el archivo XAR. Después, su base de datos contiene         algunas funciones básicas y ajustes de acceso y puede usar la aplicación             <span class="keyword">ediarum.DB</span>.</p></shortdesc><topicmeta><resourceid class="- topic/resourceid " oxy-source="topic" appid="t_ediarumdb_installieren"></resourceid><navtitle class="- topic/navtitle ">Instalar la aplicación ediarum.DB</navtitle><?ditaot gentext?><linktext class="- map/linktext ">Instalar la aplicación ediarum.DB</linktext><?ditaot genshortdesc?><shortdesc class="- map/shortdesc ">Desde el dashboard de <keyword class="- topic/keyword ">eXist-db</keyword> instala la aplicación             <keyword class="- topic/keyword ">ediarum.DB</keyword> usando el archivo XAR. Después, su base de datos contiene         algunas funciones básicas y ajustes de acceso y puede usar la aplicación             <keyword class="- topic/keyword ">ediarum.DB</keyword>.</shortdesc></topicmeta></topic><topic href="ES/topics/setup/db_crear-proyecto.html" data-id="exist_projekt_anlegen" wh-toc-id="exist_projekt_anlegen-d61e103"><title>Crear un proyecto en la base de datos</title><shortdesc><p xmlns="http://www.w3.org/1999/xhtml" class="shortdesc">En la base de datos debe existir un proyecto para su edición con una estructura de         almacenamiento estandarizada y algunos ajustes estandarizados. Para crear  los estándares         correctamente de forma automatizada, use la aplicación         <span class="keyword">ediarum.DB</span>.</p></shortdesc><topicmeta><resourceid class="- topic/resourceid " oxy-source="topic" appid="exist_projekt_anlegen"></resourceid><navtitle class="- topic/navtitle ">Crear un proyecto en la base de datos</navtitle><?ditaot gentext?><linktext class="- map/linktext ">Crear un proyecto en la base de datos</linktext><?ditaot genshortdesc?><shortdesc class="- map/shortdesc ">En la base de datos debe existir un proyecto para su edición con una estructura de         almacenamiento estandarizada y algunos ajustes estandarizados. Para crear  los estándares         correctamente de forma automatizada, use la aplicación         <keyword class="- topic/keyword ">ediarum.DB</keyword>.</shortdesc></topicmeta></topic><topic href="ES/topics/setup/db_activar-registros.html" data-id="task_grk_ypc_yfb" wh-toc-id="task_grk_ypc_yfb-d61e117"><title>Activar los registros de ediarum </title><shortdesc><p xmlns="http://www.w3.org/1999/xhtml" class="shortdesc">Se activan el registro de personas y el registro de lugares. Ambos registros ya están         incluidos en <span class="keyword">ediarum</span>, porque son los tipos de registro que normalmente se         necesitan en una edición. Es posible activar más registros estándar de             <span class="keyword">ediarum</span>: Términos técnicos, organizaciones, obras, cartas y         notas.</p></shortdesc><topicmeta><resourceid class="- topic/resourceid " oxy-source="topic" appid="task_grk_ypc_yfb"></resourceid><navtitle class="- topic/navtitle ">Activar los registros de ediarum </navtitle><?ditaot gentext?><linktext class="- map/linktext ">Activar los registros de ediarum</linktext><?ditaot genshortdesc?><shortdesc class="- map/shortdesc ">Se activan el registro de personas y el registro de lugares. Ambos registros ya están         incluidos en <keyword class="- topic/keyword ">ediarum</keyword>, porque son los tipos de registro que normalmente se         necesitan en una edición. Es posible activar más registros estándar de             <keyword class="- topic/keyword ">ediarum</keyword>: Términos técnicos, organizaciones, obras, cartas y         notas.</shortdesc></topicmeta></topic><topic href="ES/topics/setup/db_crear-usuario.html" data-id="task_plw_hqc_yfb" wh-toc-id="task_plw_hqc_yfb-d61e134"><title>Crear una cuenta de usuario</title><shortdesc><p xmlns="http://www.w3.org/1999/xhtml" class="shortdesc">Las cuentas de usuario en la aplicación <span class="keyword">ediarum.DB</span> son necesarias         para que los editores y editoras puedan conectar sus instancias de Oxygen a la         eXist-db.</p></shortdesc><topicmeta><resourceid class="- topic/resourceid " oxy-source="topic" appid="task_plw_hqc_yfb"></resourceid><navtitle class="- topic/navtitle ">Crear una cuenta de usuario</navtitle><?ditaot gentext?><linktext class="- map/linktext ">Crear una cuenta de usuario</linktext><?ditaot genshortdesc?><shortdesc class="- map/shortdesc ">Las cuentas de usuario en la aplicación <keyword class="- topic/keyword ">ediarum.DB</keyword> son necesarias         para que los editores y editoras puedan conectar sus instancias de Oxygen a la         eXist-db.</shortdesc></topicmeta></topic></topic><topic href="ES/topics/setup/oxygen_configuracion.html" collection-type="sequence" data-id="c_oxygen_einrichtung" wh-toc-id="c_oxygen_einrichtung-d61e148"><title>Configurar el entorno de trabajo en Oxygen XML Author</title><shortdesc><p xmlns="http://www.w3.org/1999/xhtml" class="shortdesc">Conecta <span class="keyword">Oxygen XML Author</span> con eXist-db (la base de datos) y hace         disponible todas las funcionalidades contenidas en ediarum.</p></shortdesc><topicmeta><resourceid class="- topic/resourceid " oxy-source="topic" appid="c_oxygen_einrichtung"></resourceid><navtitle class="- topic/navtitle ">Configurar el entorno de trabajo en Oxygen XML Author</navtitle><?ditaot gentext?><linktext class="- map/linktext ">Configurar el entorno de trabajo en Oxygen XML Author</linktext><?ditaot genshortdesc?><shortdesc class="- map/shortdesc ">Conecta <keyword class="- topic/keyword ">Oxygen XML Author</keyword> con eXist-db (la base de datos) y hace         disponible todas las funcionalidades contenidas en ediarum.</shortdesc></topicmeta><topic href="ES/topics/setup/oxygen_conectar-con-db.html" data-id="oxygen_mit_exist_verbinden" wh-toc-id="oxygen_mit_exist_verbinden-d61e162"><title>Conectar Oxygen a la base de datos</title><shortdesc><p xmlns="http://www.w3.org/1999/xhtml" class="shortdesc">Configura la conexión para el acceso de lectura y escritura desde la interfaz de         entrada a los archivos XML. La conexión WebDAV evita conflictos de escritura entre         diferentes usuarios y usuarias.</p></shortdesc><topicmeta><resourceid class="- topic/resourceid " oxy-source="topic" appid="oxygen_mit_exist_verbinden"></resourceid><navtitle class="- topic/navtitle ">Conectar Oxygen a la base de datos</navtitle><?ditaot gentext?><linktext class="- map/linktext ">Conectar Oxygen a la base de datos</linktext><?ditaot genshortdesc?><shortdesc class="- map/shortdesc ">Configura la conexión para el acceso de lectura y escritura desde la interfaz de         entrada a los archivos XML. La conexión WebDAV evita conflictos de escritura entre         diferentes usuarios y usuarias.</shortdesc></topicmeta></topic><topic href="ES/topics/setup/oxygen_instalar-frameworks.html" data-id="t_speicherort_ediarumbase_festlegen" wh-toc-id="t_speicherort_ediarumbase_festlegen-d61e173"><title>Instalar frameworks de ediarum </title><shortdesc><p xmlns="http://www.w3.org/1999/xhtml" class="shortdesc">Se integran dos frameworks específicos de ediarum en Oxygen para que las         funcionalidades de <span class="keyword">ediarum</span> estén disponibles en su entorno editorial de         Oxygen. </p></shortdesc><topicmeta><resourceid class="- topic/resourceid " oxy-source="topic" appid="t_speicherort_ediarumbase_festlegen"></resourceid><navtitle class="- topic/navtitle ">Instalar frameworks de ediarum </navtitle><?ditaot gentext?><linktext class="- map/linktext ">Instalar frameworks de ediarum</linktext><?ditaot genshortdesc?><shortdesc class="- map/shortdesc ">Se integran dos frameworks específicos de ediarum en Oxygen para que las         funcionalidades de <keyword class="- topic/keyword ">ediarum</keyword> estén disponibles en su entorno editorial de         Oxygen. </shortdesc></topicmeta></topic><topic href="ES/topics/setup/oxygen_crear-proyecto.html" data-id="t_projekt_anlegen" wh-toc-id="t_projekt_anlegen-d61e187"><title>Crear un proyecto en el Oxygen XML Author</title><shortdesc><p xmlns="http://www.w3.org/1999/xhtml" class="shortdesc">Para         la búsqueda en los registros se necesita una conexión a la base de datos         separada. Se guarda en un proyecto de <span class="keyword">Oxygen</span> utilizando las llamadas         “Editor Variables” (variables de editor).</p></shortdesc><topicmeta><resourceid class="- topic/resourceid " oxy-source="topic" appid="t_projekt_anlegen"></resourceid><navtitle class="- topic/navtitle ">Crear un proyecto en el Oxygen XML Author</navtitle><?ditaot gentext?><linktext class="- map/linktext ">Crear un proyecto en el Oxygen XML Author</linktext><?ditaot genshortdesc?><shortdesc class="- map/shortdesc "><?oxy_comment_start author="Linda Kirsten" timestamp="20210112T211029+0100" comment="Was heisst &quot;Register-Lookup&quot;??"?>Para         la búsqueda en los registros<?oxy_comment_end?> se necesita una conexión a la base de datos         separada. Se guarda en un proyecto de <keyword class="- topic/keyword ">Oxygen</keyword> utilizando las llamadas         “Editor Variables” (variables de editor).</shortdesc></topicmeta></topic></topic></topic><topic href="ES/topics/customization/configuracion.html" collection-type="sequence" data-id="c_ueberblick_konfig" wh-toc-id="c_ueberblick_konfig-d61e205"><title>Configuración específica de ediciones</title><shortdesc><p xmlns="http://www.w3.org/1999/xhtml" class="shortdesc">Si su edicion requiere una definición de esquema XML más completo que el que cubre         ediarum, puede extender el documento esquema y el entorno de trabajo. Además, puede crear         registros adicionales.</p></shortdesc><topicmeta><resourceid class="- topic/resourceid " oxy-source="topic" appid="c_ueberblick_konfig"></resourceid><navtitle class="- topic/navtitle ">Configuración específica de ediciones</navtitle><?ditaot gentext?><linktext class="- map/linktext ">Configuración específica de ediciones</linktext><?ditaot genshortdesc?><shortdesc class="- map/shortdesc ">Si su edicion requiere una definición de esquema XML más completo que el que cubre         ediarum, puede extender el documento esquema y el entorno de trabajo. Además, puede crear         registros adicionales.</shortdesc></topicmeta><topic href="ES/topics/customization/resumen-configuracion.html" data-id="oxygen_framework_kaskade" wh-toc-id="oxygen_framework_kaskade-d61e216"><title>Sobre los frameworks de Oxygen y las características específicas de ediarum</title><shortdesc><p xmlns="http://www.w3.org/1999/xhtml" class="shortdesc">El proceso básico de configuración a través de los llamados “Frameworks” se encuentra         en la documentación de Oxygen. Ediarum proporciona algunos módulos estándares para esta         configuración.</p></shortdesc><topicmeta><resourceid class="- topic/resourceid " oxy-source="topic" appid="oxygen_framework_kaskade"></resourceid><navtitle class="- topic/navtitle ">Sobre los frameworks de Oxygen y las características específicas de ediarum</navtitle><?ditaot gentext?><linktext class="- map/linktext ">Sobre los frameworks de Oxygen y las características específicas de ediarum</linktext><?ditaot genshortdesc?><shortdesc class="- map/shortdesc ">El proceso básico de configuración a través de los llamados “Frameworks” se encuentra         en la documentación de Oxygen. Ediarum proporciona algunos módulos estándares para esta         configuración.<?oxy_comment_start author="notroff" timestamp="20200329T162713+0200" comment="Optional: Sie können den Ordner &quot;Briefe&quot; umbenennen und Unterordner anlegen, sodass die Ablagestruktur zu Ihren zu edierenden Texten passt.
Nehmen Sie für das Basis Setup vorerst keine Änderungen am oder im Ordner &quot;Register&quot; vor. Solche Änderungen erfordern Änderungen an den Editorvariablen. Das Vorgehen, wie Sie Register anpassen und eigene Register anlegen können, wird in der Konfigurations-Dokumentation beschrieben.
"?></shortdesc></topicmeta></topic><topic href="ES/topics/customization/crear-registros.html" data-id="task_psj_nwx_tfb" wh-toc-id="task_psj_nwx_tfb-d61e228"><title>Crear registros adicionales</title><shortdesc><p xmlns="http://www.w3.org/1999/xhtml" class="shortdesc">Si necesita un registro que no está incluido por defecto en             <span class="keyword">ediarum</span>, puede crearlo en <span class="keyword">eXist-db</span> en la         aplicación <span class="keyword">ediarum.DB</span> y luego vincularlo a Oxygen. </p></shortdesc><topicmeta><resourceid class="- topic/resourceid " oxy-source="topic" appid="task_psj_nwx_tfb"></resourceid><navtitle class="- topic/navtitle ">Crear registros adicionales</navtitle><?ditaot gentext?><linktext class="- map/linktext ">Crear registros adicionales</linktext><?ditaot genshortdesc?><shortdesc class="- map/shortdesc ">Si necesita un registro que no está incluido por defecto en             <keyword class="- topic/keyword ">ediarum</keyword>, puede crearlo en <keyword class="- topic/keyword ">eXist-db</keyword> en la         aplicación <keyword class="- topic/keyword ">ediarum.DB</keyword> y luego vincularlo a Oxygen. </shortdesc></topicmeta></topic><topic href="ES/topics/customization/zotero_configuracion.html" collection-type="sequence" data-id="c_zotero_einrichtung" wh-toc-id="c_zotero_einrichtung-d61e248"><title>Integrar los fondos bibliográficos de Zotero como registro</title><shortdesc><p xmlns="http://www.w3.org/1999/xhtml" class="shortdesc">Si gestiona sus fondos bibliográficos en <span class="keyword">Zotero</span>, también puede         integrarlos como registro en <span class="keyword">ediarum</span> y así hacer referencias         bibliográficas.</p></shortdesc><topicmeta><resourceid class="- topic/resourceid " oxy-source="topic" appid="c_zotero_einrichtung"></resourceid><navtitle class="- topic/navtitle ">Integrar los fondos bibliográficos de Zotero como registro</navtitle><?ditaot gentext?><linktext class="- map/linktext ">Integrar los fondos bibliográficos de Zotero como registro</linktext><?ditaot genshortdesc?><shortdesc class="- map/shortdesc ">Si gestiona sus fondos bibliográficos en <keyword class="- topic/keyword ">Zotero</keyword>, también puede         integrarlos como registro en <keyword class="- topic/keyword ">ediarum</keyword> y así hacer referencias         bibliográficas.</shortdesc></topicmeta><topic href="ES/topics/customization/zotero_conexion.html" data-id="t_zotero_verbindung" wh-toc-id="t_zotero_verbindung-d61e265"><title>Establecer una conexión con Zotero</title><shortdesc><p xmlns="http://www.w3.org/1999/xhtml" class="shortdesc">Para utilizar los fondos bibliográficos de <span class="keyword">Zotero</span> en             <span class="keyword">ediarum</span>, primero se debe establecer una conexión con un grupo de         Zotero.</p></shortdesc><topicmeta><resourceid class="- topic/resourceid " oxy-source="topic" appid="t_zotero_verbindung"></resourceid><navtitle class="- topic/navtitle ">Establecer una conexión con Zotero</navtitle><?ditaot gentext?><linktext class="- map/linktext ">Establecer una conexión con Zotero</linktext><?ditaot genshortdesc?><shortdesc class="- map/shortdesc ">Para utilizar los fondos bibliográficos de <keyword class="- topic/keyword ">Zotero</keyword> en             <keyword class="- topic/keyword ">ediarum</keyword>, primero se debe establecer una conexión con un grupo de         Zotero.</shortdesc></topicmeta></topic><topic href="ES/topics/customization/zotero_registro.html" data-id="t_zotero_register" wh-toc-id="t_zotero_register-d61e282"><title>Crear un registro de las entradas bibliográficas de Zotero</title><shortdesc><p xmlns="http://www.w3.org/1999/xhtml" class="shortdesc">Se pueden configurar registros para conexiones individuales con             <span class="keyword">Zotero</span> con el fin de que luego puedan ser utilizados en             <span class="keyword">ediarum</span>.</p></shortdesc><topicmeta><resourceid class="- topic/resourceid " oxy-source="topic" appid="t_zotero_register"></resourceid><navtitle class="- topic/navtitle ">Crear un registro de las entradas bibliográficas de Zotero</navtitle><?ditaot gentext?><linktext class="- map/linktext ">Crear un registro de las entradas bibliográficas de Zotero</linktext><?ditaot genshortdesc?><shortdesc class="- map/shortdesc ">Se pueden configurar registros para conexiones individuales con             <keyword class="- topic/keyword ">Zotero</keyword> con el fin de que luego puedan ser utilizados en             <keyword class="- topic/keyword ">ediarum</keyword>.</shortdesc></topicmeta></topic><topic href="ES/topics/customization/zotero_crear-registros.html" data-id="t_zotero_register-anlegen" wh-toc-id="t_zotero_register-anlegen-d61e299"><title>Integrar el registro de Zotero en Oxygen</title><shortdesc><p xmlns="http://www.w3.org/1999/xhtml" class="shortdesc">Para poder utilizar el registro en los frameworks de <span class="keyword">ediarum</span>, hay         que integrarlo en <span class="keyword">Oxygen</span>.</p></shortdesc><topicmeta><resourceid class="- topic/resourceid " oxy-source="topic" appid="t_zotero_register-anlegen"></resourceid><navtitle class="- topic/navtitle ">Integrar el registro de Zotero en Oxygen</navtitle><?ditaot gentext?><linktext class="- map/linktext ">Integrar el registro de Zotero en Oxygen</linktext><?ditaot genshortdesc?><shortdesc class="- map/shortdesc ">Para poder utilizar el registro en los frameworks de <keyword class="- topic/keyword ">ediarum</keyword>, hay         que integrarlo en <keyword class="- topic/keyword ">Oxygen</keyword>.</shortdesc></topicmeta></topic></topic></topic></toc>