<?xml version="1.0" encoding="UTF-8"?><toc xmlns="http://www.oxygenxml.com/ns/webhelp/toc" xmlns:xhtml="http://www.w3.org/1999/xhtml"><title><span xmlns="http://www.w3.org/1999/xhtml" class="booktitle">  <span class="ph mainbooktitle">Ediarum Basisdokumentation</span>  </span></title><topic href="javascript:void(0)"><title>Basic Setup</title><topic href="ediarum_uebergreifend/concepts/c_ueberblick_setupDoku.html" data-id="c_ueberblick_setupDoku"><title>Überblick</title><shortdesc><p xmlns="http://www.w3.org/1999/xhtml" class="shortdesc"></p>
</shortdesc><topicmeta></topicmeta><topic href="ediarum_uebergreifend/concepts/c_ueberblick_setup.html" data-id="c_ueberblick_setup"><title>Überblick über das Setup</title><shortdesc><p xmlns="http://www.w3.org/1999/xhtml" class="shortdesc">Das Basis-Setup macht die Editionsumgebung von <span class="keyword">ediarum</span> zunächst in der         Standardvariante verfügbar, ohne besondere Konfigurationen für Ihr         Editionsprojekt.</p>
</shortdesc><topicmeta></topicmeta></topic><topic href="ediarum_uebergreifend/concepts/c_ediarum.html" data-id="ediarum"><title>ediarum-Architektur mit dem Basic Setup</title><shortdesc><p xmlns="http://www.w3.org/1999/xhtml" class="shortdesc"><span class="keyword">ediarum</span> steht auf github zur Verfügung, in Form von         Konfigurationskomponenten für den <span class="keyword">Oxygen XML Editor</span> (den sogenannten         Frameworks) und für die XML-Datenbank <span class="keyword">eXist-db</span> (den sogenannten         Apps).</p>
</shortdesc><topicmeta></topicmeta></topic></topic><topic href="existDB/concepts/c_exist_einrichtung.html" data-id="c_exist_einrichtung"><title>Datenbank einrichten</title><shortdesc><p xmlns="http://www.w3.org/1999/xhtml" class="shortdesc">Sie installieren sich die eXist-App <span class="keyword">ediarum.DB</span>. Mithilfe dieser App generieren         Sie in Ihrer Datenbank ein eigenes Projekt, das alle benötigten Settings für das         Zusammenspiel von Datenbank und Oxygen enthält.</p>
</shortdesc><topicmeta></topicmeta><topic href="existDB/tasks/t_ediarumdb_installieren.html" data-id="t_ediarumdb_installieren"><title>ediarum.DB App installieren</title><shortdesc><p xmlns="http://www.w3.org/1999/xhtml" class="shortdesc">Über das Dashboard der <span class="keyword">eXist-db</span> installieren Sie <span class="keyword">ediarum.DB</span> mithilfe         xar-Datei. Danach enthält Ihre Datenbank einige grundlegende Funktionen und         Zugriffs-Einstellungen und Sie können die <span class="keyword">ediarum.DB</span> App verwenden.</p>
</shortdesc><topicmeta></topicmeta></topic><topic href="existDB/tasks/t_projekt_anlegen.html" data-id="exist_projekt_anlegen"><title>Projekt in der Datenbank anlegen</title><shortdesc><p xmlns="http://www.w3.org/1999/xhtml" class="shortdesc">In der Datenbank muss für Ihre Edition ein Projekt mit einer standardisierten         Ablagestruktur und einigen standardisierten Settings vorhanden sein. Um die Standards         automatisiert korrekt anzulegen, benutzen Sie die <span class="keyword">ediarum.DB</span>-App.</p>
</shortdesc><topicmeta></topicmeta></topic><topic href="existDB/tasks/t_ediarum_register_aktivieren.html" data-id="task_grk_ypc_yfb"><title>ediarum-Register aktivieren</title><shortdesc><p xmlns="http://www.w3.org/1999/xhtml" class="shortdesc">Sie aktivieren die mitgelieferten Personen- und Ortsregister, die typischerweise in         einer Edition benötigt werden. Sie haben die Möglichkeit, zusätzlich weitere         <span class="keyword">ediarum</span>-Standardregister zu aktivieren: Sachbegriffe, Körperschaften, Werke, Briefe,         Anmerkungen.</p>
</shortdesc><topicmeta></topicmeta></topic><topic href="existDB/tasks/t_benutzer_anlegen.html" data-id="task_plw_hqc_yfb"><title>Nutzer-Account anlegen</title><shortdesc><p xmlns="http://www.w3.org/1999/xhtml" class="shortdesc">Die Nutzer-Accounts in der <span class="keyword">ediarum.DB</span>-App sind Voraussetzung, damit die         Editor/innen ihre Oxygen-Instanzen mit der eXist-db verbinden können.</p>
</shortdesc><topicmeta></topicmeta></topic></topic><topic href="oxygen/concepts/c_oxygen_einrichtung.html" data-id="c_oxygen_einrichtung"><title>Editionsumgebung in Oxygen einrichten</title><shortdesc><p xmlns="http://www.w3.org/1999/xhtml" class="shortdesc">Sie verbinden <span class="keyword">Oxygen XML Editor</span> mit eXist-db (Datenbank) und machen alle in         ediarum enthaltenen Editionsfunktionalitäten verfügbar.</p>
</shortdesc><topicmeta></topicmeta><topic href="oxygen/tasks/t_mit_exist_verbinden.html" data-id="oxygen_mit_exist_verbinden"><title>Oxygen mit der Datenbank verbinden</title><shortdesc><p xmlns="http://www.w3.org/1999/xhtml" class="shortdesc">Sie konfigurieren die Verbindung für den Lese- und Schreibzugriff von der         Editionsumgebung auf die XML-Dateien. Die WebDAV-Verbindung verhindert Schreibkonflikte         zwischen verschiedenen Benutzer/innen.</p>
</shortdesc><topicmeta></topicmeta></topic><topic href="oxygen/tasks/t_speicherort_ediarumbase_festlegen.html" data-id="t_speicherort_ediarumbase_festlegen"><title>ediarum-Frameworks einrichten</title><shortdesc><p xmlns="http://www.w3.org/1999/xhtml" class="shortdesc">Sie machen die <span class="keyword">ediarum</span>-Funktionalitäten in Ihrer             <span class="keyword">Oxygen</span>-Editionsumgebung verfügbar, indem Sie zwei ediarum-spezifische             <span class="keyword">Oxygen</span>-"Frameworks" einbinden.</p>
</shortdesc><topicmeta></topicmeta></topic><topic href="oxygen/tasks/t_projekt_anlegen.html" data-id="t_projekt_anlegen"><title>Projekt in Oxygen anlegen</title><shortdesc><p xmlns="http://www.w3.org/1999/xhtml" class="shortdesc">Für den Register-Lookup ist eine eigene Datenbankanbindung nötig, die mithilfe von         sogenannten "Editorvariablen" in einem <span class="keyword">Oxygen</span>-Projekt hinterlegt wird.</p>
</shortdesc><topicmeta></topicmeta></topic></topic></topic><topic href="javascript:void(0)"><title>Editionsspezifische Konfiguration</title><topic href="ediarum_uebergreifend/concepts/c_ueberblick_konfig.html" data-id="c_ueberblick_konfig"><title>Überblick über die editionsspezifische Konfiguration</title><shortdesc><p xmlns="http://www.w3.org/1999/xhtml" class="shortdesc"></p>
</shortdesc><topicmeta></topicmeta><topic href="oxygen/concepts/c_framework.html" data-id="oxygen_framework_kaskade"><title>Über Oxygen-Frameworks und ediarum-Spezifika</title><shortdesc><p xmlns="http://www.w3.org/1999/xhtml" class="shortdesc">Die <span class="keyword">Oxygen</span>-Dokumentation beschreibt das grundsätzliche Vorgehen für die         Konfiguration via sogenannten "Frameworks". Ediarum enthält einige spezifische         Konfigurationskomponenten.</p>
</shortdesc><topicmeta></topicmeta></topic><topic href="existDB/tasks/t_neues_Register_anlegen.html" data-id="task_psj_nwx_tfb"><title>Ein neues Register einrichten</title><shortdesc><p xmlns="http://www.w3.org/1999/xhtml" class="shortdesc">Wenn Sie ein Register benötigen, das nicht in <span class="keyword">ediarum</span> enthalten ist, legen Sie         dieses in <span class="keyword">eXist-db</span> in der <span class="keyword">ediarum.DB</span>-App an.</p>
</shortdesc><topicmeta></topicmeta></topic></topic></topic></toc>