<?xml version="1.0" encoding="UTF-8"?>
<map>
   <appContext helpID="c_ueberblick_setup" path="DE/topics/setup/basis-setup.html"/>
   <appContext helpID="c_ueberblick_setup" path="DE/topics/ueber-diese-anleitung.html"/>
   <appContext helpID="ediarum" path="DE/topics/setup/ueberblick-basis-setup.html"/>
   <appContext helpID="t_exist_installieren"
               path="DE/topics/setup/tips-oxygen-exist-installation.html"/>
   <appContext helpID="c_exist_einrichtung" path="DE/topics/setup/db_einrichtung.html"/>
   <appContext helpID="t_ediarumdb_installieren"
               path="DE/topics/setup/db_app-installieren.html"/>
   <appContext helpID="exist_projekt_anlegen" path="DE/topics/setup/db_projekt-anlegen.html"/>
   <appContext helpID="task_grk_ypc_yfb" path="DE/topics/setup/db_register-aktivieren.html"/>
   <appContext helpID="task_plw_hqc_yfb" path="DE/topics/setup/db_user-anlegen.html"/>
   <appContext helpID="c_oxygen_einrichtung" path="DE/topics/setup/oxygen_einrichtung.html"/>
   <appContext helpID="oxygen_mit_exist_verbinden"
               path="DE/topics/setup/oxygen_mit-db-verbinden.html"/>
   <appContext helpID="t_speicherort_ediarumbase_festlegen"
               path="DE/topics/setup/oxygen_frameworks-einrichten.html"/>
   <appContext helpID="t_projekt_anlegen" path="DE/topics/setup/oxygen_projekt-anlegen.html"/>
   <appContext helpID="c_ueberblick_konfig" path="DE/topics/customization/konfiguration.html"/>
   <appContext helpID="oxygen_framework_kaskade"
               path="DE/topics/customization/ueberblick-konfiguration.html"/>
   <appContext helpID="task_psj_nwx_tfb" path="DE/topics/customization/register-anlegen.html"/>
</map>