<?xml version="1.0" encoding="UTF-8"?><toc xmlns:xhtml="http://www.w3.org/1999/xhtml" xmlns:toc="http://www.oxygenxml.com/ns/webhelp/toc" xmlns="http://www.oxygenxml.com/ns/webhelp/toc">
   <title><span xmlns="http://www.w3.org/1999/xhtml" class="booktitle">  <span class="ph mainbooktitle">ediarum Setup-Anleitung</span>  </span></title>
   <topic href="DE/topics/setup/basis-setup.html" collection-type="sequence" data-id="c_ueberblick_setup" wh-toc-id="c_ueberblick_setup-d66e14">
      <title>Basis-Setup</title>
      <shortdesc>
         <p xmlns="http://www.w3.org/1999/xhtml" class="shortdesc">Das Basis-Setup macht mit <span class="keyword">ediarum</span> eine Arbeitsumgebung für         wissenschaftliche Editionen verfügbar. Nach erfolgreichem Setup können Editor:innen in 
            dieser visuellen, Word-ähnlichen Umgebung TEI-konforme XML-Daten mit Registern, Kommentaren         u.ä. erstellen.
         </p>
      </shortdesc>
      <topicmeta>
         <resourceid class="- topic/resourceid " oxy-source="topic" appid="c_ueberblick_setup"></resourceid>
         <navtitle class="- topic/navtitle ">Basis-Setup</navtitle><?ditaot gentext?>
         <linktext class="- map/linktext ">Basis-Setup</linktext><?ditaot genshortdesc?>
         <shortdesc class="- map/shortdesc ">Das Basis-Setup macht mit 
            <keyword class="- topic/keyword ">ediarum</keyword> eine Arbeitsumgebung für         wissenschaftliche Editionen verfügbar. Nach erfolgreichem Setup können Editor:innen in 
            dieser visuellen, Word-ähnlichen Umgebung TEI-konforme XML-Daten mit Registern, Kommentaren         u.ä. erstellen.
         </shortdesc>
      </topicmeta>
      <topic href="DE/topics/ueber-diese-anleitung.html" data-id="c_ueberblick_setup" wh-toc-id="c_ueberblick_setup-d66e28">
         <title>Über diese Anleitung</title>
         <shortdesc>
            <p xmlns="http://www.w3.org/1999/xhtml" class="shortdesc">Das Basis-Setup macht <span class="keyword">ediarum</span> zunächst in der Standardvariante         verfügbar, ohne besondere Konfigurationen für Ihr Editionsprojekt und ohne dass
               Sie         Programmierkenntnisse benötigen.
            </p>
         </shortdesc>
         <topicmeta>
            <resourceid class="- topic/resourceid " oxy-source="topic" appid="c_ueberblick_setup"></resourceid>
            <navtitle class="- topic/navtitle ">Über diese Anleitung</navtitle><?ditaot gentext?>
            <linktext class="- map/linktext ">Über diese Anleitung</linktext><?ditaot genshortdesc?>
            <shortdesc class="- map/shortdesc ">Das Basis-Setup macht 
               <keyword class="- topic/keyword ">ediarum</keyword> zunächst in der Standardvariante         verfügbar, ohne besondere Konfigurationen für Ihr Editionsprojekt und ohne dass
               Sie         Programmierkenntnisse benötigen.
            </shortdesc>
         </topicmeta>
      </topic>
      <topic href="DE/topics/setup/ueberblick-basis-setup.html" data-id="ediarum" wh-toc-id="ediarum-d66e42">
         <title>Überblick über das Basis-Setup</title>
         <shortdesc>
            <p xmlns="http://www.w3.org/1999/xhtml" class="shortdesc"><span class="keyword">ediarum</span> steht auf github zur Verfügung, in Form von         Konfigurationskomponenten für den <span class="keyword">Oxygen XML Author</span> (den sogenannten         Frameworks) und für die XML-Datenbank <span class="keyword">eXist-db</span> (den sogenannten         Apps).
            </p>
         </shortdesc>
         <topicmeta>
            <resourceid class="- topic/resourceid " oxy-source="topic" appid="ediarum"></resourceid>
            <navtitle class="- topic/navtitle ">Überblick über das Basis-Setup</navtitle><?ditaot gentext?>
            <linktext class="- map/linktext ">Überblick über das Basis-Setup</linktext><?ditaot genshortdesc?>
            <shortdesc class="- map/shortdesc ">
               <keyword class="- topic/keyword ">ediarum</keyword> steht auf github zur Verfügung, in Form von         Konfigurationskomponenten für den 
               <keyword class="- topic/keyword ">Oxygen XML Author</keyword> (den sogenannten         Frameworks) und für die XML-Datenbank 
               <keyword class="- topic/keyword ">eXist-db</keyword> (den sogenannten         Apps).
            </shortdesc>
         </topicmeta>
      </topic>
      <topic href="DE/topics/setup/tips-oxygen-exist-installation.html" data-id="t_exist_installieren" wh-toc-id="t_exist_installieren-d66e61">
         <title>Installationstipps eXist-db und Oxygen</title>
         <shortdesc>
            <p xmlns="http://www.w3.org/1999/xhtml" class="shortdesc">Die Installationsanleitungen für eXist-db und Oxygen finden Sie auf deren Webseiten.         Die hier versammelten zusätzlichen
               Tipps basieren auf der Erfahrung der         ediarum-Entwickler:innen und können bei typischen Installationsproblemen hilfreich
               sein.
            </p>
         </shortdesc>
         <topicmeta>
            <resourceid class="- topic/resourceid " oxy-source="topic" appid="t_exist_installieren"></resourceid>
            <navtitle class="- topic/navtitle ">Installationstipps eXist-db und Oxygen</navtitle><?ditaot gentext?>
            <linktext class="- map/linktext ">Installationstipps eXist-db und Oxygen</linktext><?ditaot genshortdesc?>
            <shortdesc class="- map/shortdesc ">Die Installationsanleitungen für eXist-db und Oxygen finden Sie auf deren Webseiten.         Die hier versammelten zusätzlichen
               Tipps basieren auf der Erfahrung der         ediarum-Entwickler:innen und können bei typischen Installationsproblemen hilfreich
               sein.
            </shortdesc>
         </topicmeta>
      </topic>
      <topic href="DE/topics/setup/db_einrichtung.html" collection-type="sequence" data-id="c_exist_einrichtung" wh-toc-id="c_exist_einrichtung-d66e72">
         <title>Datenbank einrichten</title>
         <shortdesc>
            <p xmlns="http://www.w3.org/1999/xhtml" class="shortdesc">Sie installieren sich die eXist-App <span class="keyword">ediarum.DB</span>. Mithilfe dieser         App generieren Sie in Ihrer Datenbank ein eigenes Projekt, das alle benötigten Settings für    
               das Zusammenspiel von Datenbank und Oxygen XML Author enthält.
            </p>
         </shortdesc>
         <topicmeta>
            <resourceid class="- topic/resourceid " oxy-source="topic" appid="c_exist_einrichtung"></resourceid>
            <navtitle class="- topic/navtitle ">Datenbank einrichten</navtitle><?ditaot gentext?>
            <linktext class="- map/linktext ">Datenbank einrichten</linktext><?ditaot genshortdesc?>
            <shortdesc class="- map/shortdesc ">Sie installieren sich die eXist-App 
               <keyword class="- topic/keyword ">ediarum.DB</keyword>. Mithilfe dieser         App generieren Sie in Ihrer Datenbank ein eigenes Projekt, das alle benötigten Settings für    
               das Zusammenspiel von Datenbank und Oxygen XML Author enthält.
            </shortdesc>
         </topicmeta>
         <topic href="DE/topics/setup/db_app-installieren.html" data-id="t_ediarumdb_installieren" wh-toc-id="t_ediarumdb_installieren-d66e86">
            <title>ediarum.DB App installieren</title>
            <shortdesc>
               <p xmlns="http://www.w3.org/1999/xhtml" class="shortdesc">Über das Dashboard der <span class="keyword">eXist-db</span> installieren Sie <span class="keyword">ediarum.DB</span> mithilfe         der XAR-Datei. Danach enthält Ihre Datenbank einige grundlegende Funktionen und         Zugriffs-Einstellungen
                  und Sie können die <span class="keyword">ediarum.DB</span>-App verwenden.
               </p>
            </shortdesc>
            <topicmeta>
               <resourceid class="- topic/resourceid " oxy-source="topic" appid="t_ediarumdb_installieren"></resourceid>
               <navtitle class="- topic/navtitle ">ediarum.DB App installieren</navtitle><?ditaot gentext?>
               <linktext class="- map/linktext ">ediarum.DB App installieren</linktext><?ditaot genshortdesc?>
               <shortdesc class="- map/shortdesc ">Über das Dashboard der 
                  <keyword class="- topic/keyword ">eXist-db</keyword> installieren Sie 
                  <keyword class="- topic/keyword ">ediarum.DB</keyword> mithilfe         der XAR-Datei. Danach enthält Ihre Datenbank einige grundlegende Funktionen und         Zugriffs-Einstellungen
                  und Sie können die 
                  <keyword class="- topic/keyword ">ediarum.DB</keyword>-App verwenden.
               </shortdesc>
            </topicmeta>
         </topic>
         <topic href="DE/topics/setup/db_projekt-anlegen.html" data-id="exist_projekt_anlegen" wh-toc-id="exist_projekt_anlegen-d66e106">
            <title>Projekt in der Datenbank anlegen</title>
            <shortdesc>
               <p xmlns="http://www.w3.org/1999/xhtml" class="shortdesc">In der Datenbank muss für Ihre Edition ein Projekt mit einer standardisierten         Ablagestruktur und einigen standardisierten
                  Settings vorhanden sein. Um die Standards         automatisiert korrekt anzulegen, benutzen Sie die <span class="keyword">ediarum.DB</span>-App.
               </p>
            </shortdesc>
            <topicmeta>
               <resourceid class="- topic/resourceid " oxy-source="topic" appid="exist_projekt_anlegen"></resourceid>
               <navtitle class="- topic/navtitle ">Projekt in der Datenbank anlegen</navtitle><?ditaot gentext?>
               <linktext class="- map/linktext ">Projekt in der Datenbank anlegen</linktext><?ditaot genshortdesc?>
               <shortdesc class="- map/shortdesc ">In der Datenbank muss für Ihre Edition ein Projekt mit einer standardisierten         Ablagestruktur und einigen standardisierten
                  Settings vorhanden sein. Um die Standards         automatisiert korrekt anzulegen, benutzen Sie die 
                  <keyword class="- topic/keyword ">ediarum.DB</keyword>-App.
               </shortdesc>
            </topicmeta>
         </topic>
         <topic href="DE/topics/setup/db_register-aktivieren.html" data-id="task_grk_ypc_yfb" wh-toc-id="task_grk_ypc_yfb-d66e120">
            <title>ediarum-Register aktivieren</title>
            <shortdesc>
               <p xmlns="http://www.w3.org/1999/xhtml" class="shortdesc">Sie aktivieren die mitgelieferten Personen- und Ortsregister, die typischerweise in         einer Edition benötigt werden.
                  Sie haben die Möglichkeit, zusätzlich weitere         <span class="keyword">ediarum</span>-Standardregister zu aktivieren: Sachbegriffe, Körperschaften, Werke, Briefe,         Anmerkungen.
               </p>
            </shortdesc>
            <topicmeta>
               <resourceid class="- topic/resourceid " oxy-source="topic" appid="task_grk_ypc_yfb"></resourceid>
               <navtitle class="- topic/navtitle ">ediarum-Register aktivieren</navtitle><?ditaot gentext?>
               <linktext class="- map/linktext ">ediarum-Register aktivieren</linktext><?ditaot genshortdesc?>
               <shortdesc class="- map/shortdesc ">Sie aktivieren die mitgelieferten Personen- und Ortsregister, die typischerweise in         einer Edition benötigt werden.
                  Sie haben die Möglichkeit, zusätzlich weitere         
                  <keyword class="- topic/keyword ">ediarum</keyword>-Standardregister zu aktivieren: Sachbegriffe, Körperschaften, Werke, Briefe,         Anmerkungen.
               </shortdesc>
            </topicmeta>
         </topic>
         <topic href="DE/topics/setup/db_user-anlegen.html" data-id="task_plw_hqc_yfb" wh-toc-id="task_plw_hqc_yfb-d66e134">
            <title>Nutzer-Account anlegen</title>
            <shortdesc>
               <p xmlns="http://www.w3.org/1999/xhtml" class="shortdesc">Die Nutzer-Accounts in der <span class="keyword">ediarum.DB</span>-App sind Voraussetzung, damit die         Editor:innen ihre Oxygen-Instanzen mit der eXist-db verbinden können.
               </p>
            </shortdesc>
            <topicmeta>
               <resourceid class="- topic/resourceid " oxy-source="topic" appid="task_plw_hqc_yfb"></resourceid>
               <navtitle class="- topic/navtitle ">Nutzer-Account anlegen</navtitle><?ditaot gentext?>
               <linktext class="- map/linktext ">Nutzer-Account anlegen</linktext><?ditaot genshortdesc?>
               <shortdesc class="- map/shortdesc ">Die Nutzer-Accounts in der 
                  <keyword class="- topic/keyword ">ediarum.DB</keyword>-App sind Voraussetzung, damit die         Editor:innen ihre Oxygen-Instanzen mit der eXist-db verbinden können.
               </shortdesc>
            </topicmeta>
         </topic>
      </topic>
      <topic href="DE/topics/setup/oxygen_einrichtung.html" collection-type="sequence" data-id="c_oxygen_einrichtung" wh-toc-id="c_oxygen_einrichtung-d66e148">
         <title>Arbeitsumgebung in Oxygen XML Author einrichten</title>
         <shortdesc>
            <p xmlns="http://www.w3.org/1999/xhtml" class="shortdesc">Sie verbinden <span class="keyword">Oxygen XML Author</span> mit eXist-db (Datenbank) und         machen alle in ediarum enthaltenen Funktionalitäten         verfügbar.
            </p>
         </shortdesc>
         <topicmeta>
            <resourceid class="- topic/resourceid " oxy-source="topic" appid="c_oxygen_einrichtung"></resourceid>
            <navtitle class="- topic/navtitle ">Arbeitsumgebung in Oxygen XML Author einrichten</navtitle><?ditaot gentext?>
            <linktext class="- map/linktext ">Arbeitsumgebung in Oxygen XML Author einrichten</linktext><?ditaot genshortdesc?>
            <shortdesc class="- map/shortdesc ">Sie verbinden 
               <keyword class="- topic/keyword ">Oxygen XML Author</keyword> mit eXist-db (Datenbank) und         machen alle in ediarum enthaltenen Funktionalitäten         verfügbar.
            </shortdesc>
         </topicmeta>
         <topic href="DE/topics/setup/oxygen_mit-db-verbinden.html" data-id="oxygen_mit_exist_verbinden" wh-toc-id="oxygen_mit_exist_verbinden-d66e162">
            <title>Oxygen mit der Datenbank verbinden</title>
            <shortdesc>
               <p xmlns="http://www.w3.org/1999/xhtml" class="shortdesc">Sie konfigurieren die Verbindung für den Lese- und Schreibzugriff von der         Eingabeoberfläche auf die XML-Dateien. Die
                  WebDAV-Verbindung verhindert Schreibkonflikte         zwischen verschiedenen Benutzer:innen.
               </p>
            </shortdesc>
            <topicmeta>
               <resourceid class="- topic/resourceid " oxy-source="topic" appid="oxygen_mit_exist_verbinden"></resourceid>
               <navtitle class="- topic/navtitle ">Oxygen mit der Datenbank verbinden</navtitle><?ditaot gentext?>
               <linktext class="- map/linktext ">Oxygen mit der Datenbank verbinden</linktext><?ditaot genshortdesc?>
               <shortdesc class="- map/shortdesc ">Sie konfigurieren die Verbindung für den Lese- und Schreibzugriff von der         Eingabeoberfläche auf die XML-Dateien. Die
                  WebDAV-Verbindung verhindert Schreibkonflikte         zwischen verschiedenen Benutzer:innen.
               </shortdesc>
            </topicmeta>
         </topic>
         <topic href="DE/topics/setup/oxygen_frameworks-einrichten.html" data-id="t_speicherort_ediarumbase_festlegen" wh-toc-id="t_speicherort_ediarumbase_festlegen-d66e173">
            <title>ediarum-Frameworks einrichten</title>
            <shortdesc>
               <p xmlns="http://www.w3.org/1999/xhtml" class="shortdesc">Sie machen die <span class="keyword">ediarum</span>-Funktionalitäten in Ihrer             <span class="keyword">Oxygen</span>-Editionsumgebung verfügbar, indem Sie zwei ediarum-spezifische             <span class="keyword">Oxygen</span>-"Frameworks" einbinden.
               </p>
            </shortdesc>
            <topicmeta>
               <resourceid class="- topic/resourceid " oxy-source="topic" appid="t_speicherort_ediarumbase_festlegen"></resourceid>
               <navtitle class="- topic/navtitle ">ediarum-Frameworks einrichten</navtitle><?ditaot gentext?>
               <linktext class="- map/linktext ">ediarum-Frameworks einrichten</linktext><?ditaot genshortdesc?>
               <shortdesc class="- map/shortdesc ">Sie machen die 
                  <keyword class="- topic/keyword ">ediarum</keyword>-Funktionalitäten in Ihrer             
                  <keyword class="- topic/keyword ">Oxygen</keyword>-Editionsumgebung verfügbar, indem Sie zwei ediarum-spezifische             
                  <keyword class="- topic/keyword ">Oxygen</keyword>-"Frameworks" einbinden.
               </shortdesc>
            </topicmeta>
         </topic>
         <topic href="DE/topics/setup/oxygen_projekt-anlegen.html" data-id="t_projekt_anlegen" wh-toc-id="t_projekt_anlegen-d66e193">
            <title>Projekt im Oxygen XML Author anlegen</title>
            <shortdesc>
               <p xmlns="http://www.w3.org/1999/xhtml" class="shortdesc">Für das Register-Lookup ist eine eigene Datenbankverbindung nötig, die mithilfe von         sogenannten "Editorvariablen"
                  in einem <span class="keyword">Oxygen</span>-Projekt hinterlegt         wird.
               </p>
            </shortdesc>
            <topicmeta>
               <resourceid class="- topic/resourceid " oxy-source="topic" appid="t_projekt_anlegen"></resourceid>
               <navtitle class="- topic/navtitle ">Projekt im Oxygen XML Author anlegen</navtitle><?ditaot gentext?>
               <linktext class="- map/linktext ">Projekt im Oxygen XML Author anlegen</linktext><?ditaot genshortdesc?>
               <shortdesc class="- map/shortdesc ">Für das Register-Lookup ist eine eigene Datenbankverbindung nötig, die mithilfe von         sogenannten "Editorvariablen"
                  in einem 
                  <keyword class="- topic/keyword ">Oxygen</keyword>-Projekt hinterlegt         wird.
               </shortdesc>
            </topicmeta>
         </topic>
      </topic>
   </topic>
   <topic href="DE/topics/customization/konfiguration.html" collection-type="sequence" data-id="c_ueberblick_konfig" wh-toc-id="c_ueberblick_konfig-d66e208">
      <title>Editionsspezifische Konfiguration</title>
      <shortdesc>
         <p xmlns="http://www.w3.org/1999/xhtml" class="shortdesc">Wenn für Ihre Edition ein umfassenderes XML-Schema benötigt wird als das mit ediarum         abgedeckte, können Sie das Schema
            und die Arbeitsumgebung erweitern. Sie können außerdem         zusätzliche Register erstellen.
         </p>
      </shortdesc>
      <topicmeta>
         <resourceid class="- topic/resourceid " oxy-source="topic" appid="c_ueberblick_konfig"></resourceid>
         <navtitle class="- topic/navtitle ">Editionsspezifische Konfiguration</navtitle><?ditaot gentext?>
         <linktext class="- map/linktext ">Editionsspezifische Konfiguration</linktext><?ditaot genshortdesc?>
         <shortdesc class="- map/shortdesc ">Wenn für Ihre Edition ein umfassenderes XML-Schema benötigt wird als das mit ediarum         abgedeckte, können Sie das Schema
            und die Arbeitsumgebung erweitern. Sie können außerdem         zusätzliche Register erstellen.
         </shortdesc>
      </topicmeta>
      <topic href="DE/topics/customization/ueberblick-konfiguration.html" data-id="oxygen_framework_kaskade" wh-toc-id="oxygen_framework_kaskade-d66e219">
         <title>Über Oxygen-Frameworks und ediarum-Spezifika</title>
         <shortdesc>
            <p xmlns="http://www.w3.org/1999/xhtml" class="shortdesc">Das grundsätzliche Vorgehen für die Konfiguration via sogenannter "Frameworks" finden         Sie in der Oxygen-Dokumentation.
               Ediarum stellt für diese Konfiguration einige         Standardbausteine         bereit.
            </p>
         </shortdesc>
         <topicmeta>
            <resourceid class="- topic/resourceid " oxy-source="topic" appid="oxygen_framework_kaskade"></resourceid>
            <navtitle class="- topic/navtitle ">Über Oxygen-Frameworks und ediarum-Spezifika</navtitle><?ditaot gentext?>
            <linktext class="- map/linktext ">Über Oxygen-Frameworks und ediarum-Spezifika</linktext><?ditaot genshortdesc?>
            <shortdesc class="- map/shortdesc ">Das grundsätzliche Vorgehen für die Konfiguration via sogenannter "Frameworks" finden         Sie in der Oxygen-Dokumentation.
               Ediarum stellt für diese Konfiguration einige         Standardbausteine         bereit.<?oxy_comment_start author="notroff" timestamp="20200329T162713+0200" comment="Optional: Sie können den Ordner &quot;Briefe&quot; umbenennen und Unterordner anlegen, sodass die Ablagestruktur zu Ihren zu edierenden Texten passt.
Nehmen Sie für das Basis Setup vorerst keine Änderungen am oder im Ordner &quot;Register&quot; vor. Solche Änderungen erfordern Änderungen an den Editorvariablen. Das Vorgehen, wie Sie Register anpassen und eigene Register anlegen können, wird in der Konfigurations-Dokumentation beschrieben.
"?>
            </shortdesc>
         </topicmeta>
      </topic>
      <topic href="DE/topics/customization/register-anlegen.html" data-id="task_psj_nwx_tfb" wh-toc-id="task_psj_nwx_tfb-d66e231">
         <title>Ein eigenes Register anlegen</title>
         <shortdesc>
            <p xmlns="http://www.w3.org/1999/xhtml" class="shortdesc">Wenn Sie ein Register benötigen, das nicht bereits als Standardregister         in <span class="keyword">ediarum</span> enthalten         ist, legen Sie dieses in <span class="keyword">eXist-db</span> in der         <span class="keyword">ediarum.DB</span>-App an.
            </p>
         </shortdesc>
         <topicmeta>
            <resourceid class="- topic/resourceid " oxy-source="topic" appid="task_psj_nwx_tfb"></resourceid>
            <navtitle class="- topic/navtitle ">Ein eigenes Register anlegen</navtitle><?ditaot gentext?>
            <linktext class="- map/linktext ">Ein eigenes Register anlegen</linktext><?ditaot genshortdesc?>
            <shortdesc class="- map/shortdesc ">Wenn Sie ein Register benötigen, das nicht bereits als Standardregister         in 
               <keyword class="- topic/keyword ">ediarum</keyword> enthalten         ist, legen Sie dieses in 
               <keyword class="- topic/keyword ">eXist-db</keyword> in der         
               <keyword class="- topic/keyword ">ediarum.DB</keyword>-App an.
            </shortdesc>
         </topicmeta>
      </topic>
   </topic>
</toc>